,luminosity,temperature,mass,gravity,age
0,-5.349013007220217,1022.0,0.0544640733820282,5.5148955876727825,8.0
1,-5.204342191304348,1114.0,0.057356888058433836,5.5435301397987,8.0
2,-5.08238695652174,1197.0,0.06024970273483948,5.567740622752414,8.0
3,-4.699447646226416,1487.0,0.06314251741124512,5.581612057704746,8.0
4,-4.602785603960395,1567.0,0.06376240857142856,5.579793430219235,8.0
5,-4.711972183246074,1461.0,0.06438229714285713,5.571712273448677,8.0
6,-4.571102590604027,1567.0,0.0650021857142857,5.55697937939528,8.0
7,-4.565493093954562,1553.0,0.06562207428571429,5.539625264143862,8.0
8,-4.462262640674729,1638.0,0.06603533208765076,5.531562048268061,8.0
9,-4.402546411504424,1689.0,0.06624196285714286,5.526698935167018,8.0
10,-4.22609067278798,1845.0,0.06686185142857143,5.508336279251925,8.0
11,-4.0491832876636344,2016.0,0.06748174,5.4891654462456785,8.0
12,-3.8461288092065415,2224.0,0.06810162857142857,5.4606682346192486,8.0
13,-3.735622096468678,2344.0,0.06872151714285714,5.444936570314444,8.0
14,-3.7053855311951893,2377.0,0.0689281467640564,5.440414512437009,8.0
15,-3.653138395799677,2435.0,0.06934140571428571,5.432905380762995,8.0
16,-3.586838695202492,2510.0,0.06996129428571429,5.423416110368851,8.0
17,-3.5297002662479517,2575.0,0.07058118285714286,5.414509273467501,8.0
18,-3.4797146767359752,2632.0,0.07120107142857143,5.405892968304274,8.0
19,-3.4357398531494594,2681.0,0.07182096144046204,5.397925090100177,8.0
20,-3.279777958629207,2855.0,0.07471377611686768,5.368200745913791,8.0
21,-3.1665147233078446,2982.0,0.07760659079327331,5.346879476726377,8.0
22,-3.078774361910594,3075.0,0.08049940546967896,5.328501968285895,8.0
23,-2.7951677339203105,3338.0,0.09548156956004757,5.2615182066301935,8.0
24,-2.620000943464622,3473.0,0.11046373365041617,5.218638706251738,8.0
25,-2.588533932262363,3494.0,0.11379310344827587,5.21055671600993,8.0
26,-2.480429677308668,3575.0,0.1254458977407848,5.184734673564712,8.0
27,-2.3432074224469774,3699.0,0.1404280618311534,5.15553233808545,8.0
28,-2.2491358149656397,3739.0,0.15541022592152198,5.12436968010214,8.0
29,-2.2114103182288236,3754.0,0.16206896551724137,5.111601946867957,8.0
30,-2.1673621778706043,3770.0,0.1703923900118906,5.096749199598311,8.0
31,-2.095240791532258,3795.0,0.18537455410225923,5.072708055565031,8.0
32,-2.030778809948033,3816.0,0.20035671819262785,5.0518053414638775,8.0
33,-1.9912603473893766,3829.0,0.21034482758620693,5.039346354470143,8.0
34,-1.972391108974943,3835.0,0.2153388822829964,5.033504451386477,8.0
35,-1.9189580107334525,3854.0,0.23032104637336503,5.017447756185487,8.0
36,-1.8695450403908795,3871.0,0.24530321046373366,5.003275495960457,8.0
37,-1.8285619446865837,3886.0,0.25862068965517243,4.9921152240424105,8.0
38,-1.8235957329128776,3888.0,0.2602853745541023,4.990790680987497,8.0
39,-1.7792391344077847,3905.0,0.27526753864447084,4.978139850821486,8.0
40,-1.726479396947128,3931.0,0.29024970273483947,4.959991078646029,8.0
41,-1.6698179899765409,3964.0,0.3052318668252081,4.939638948388792,8.0
42,-1.6632446419430484,3968.0,0.30689655172413793,4.937243218896661,8.0
43,-1.6086751182043435,4006.0,0.3202140309155767,4.917628776638055,8.0
44,-1.5432254921453874,4059.0,0.33519619500594533,4.894830818265473,8.0
45,-1.4739546350261823,4123.0,0.3501783590963139,4.871865646445813,8.0
46,-1.4502024291526623,4147.0,0.3551724137931035,4.86428307257742,8.0
47,-1.4017360010926971,4199.0,0.3651605231866825,4.8493270859013045,8.0
48,-1.3269671509488767,4287.0,0.38014268727705114,4.828198519132448,8.0
49,-1.2498578188537761,4392.0,0.3951248513674197,4.809905533576647,8.0
50,-1.2062643290351267,4458.0,0.403448275862069,4.801266097197471,8.0
51,-1.1711369354218502,4514.0,0.4101070154577883,4.794885207686681,8.0
52,-1.092415916994044,4645.0,0.42508917954815695,4.781520031209675,8.0
53,-1.0142425186268278,4782.0,0.44007134363852557,4.768967462436315,8.0
54,-0.9540036029962546,4892.0,0.4517241379310345,4.759377812054646,8.0
55,-0.9368883115922894,4923.0,0.4550535077288942,4.756624916544614,8.0
56,-0.8602608006497342,5066.0,0.47003567181926276,4.743791265103951,8.0
57,-0.7844278328540011,5208.0,0.4850178359096314,4.729710291652294,8.0
58,-0.7091374951606658,5348.0,0.5,4.713687921224905,8.0
59,-0.6095173062857142,5524.0,0.52,4.687137901223647,8.0
60,-0.6023759579929988,5537.0,0.5214285714285715,4.685332556762854,8.0
61,-0.5592826571428572,5615.0,0.53,4.673644725475351,8.0
62,-0.508997746430611,5704.0,0.54,4.658831891980471,8.0
63,-0.49459212376237627,5729.0,0.5428571428571428,4.6543224710343996,8.0
64,-0.45844069182389935,5791.0,0.55,4.6424908325206475,8.0
65,-0.4075848216159496,5875.0,0.56,4.624468327971454,8.0
66,-0.3856535976331361,5910.0,0.5642857142857143,4.616185227294035,8.0
67,-0.35621844866612773,5956.0,0.57,4.604534007632052,8.0
68,-0.3040448213796254,6034.0,0.58,4.582540535438935,8.0
69,-0.27375936425449243,6077.0,0.5857142857142857,4.568910069554994,8.0
70,-0.2507016771819138,6109.0,0.59,4.558124792467885,8.0
71,-0.1957945496453901,6181.0,0.6,4.53098816492082,8.0
72,-0.15525796428571428,6232.0,0.6071428571428572,4.509671017339188,8.0
73,-5.302594823408624,1055.0,0.057356888058433836,5.54669749509912,8.5
74,-5.1758157589928055,1137.0,0.06024970273483948,5.571559496227547,8.5
75,-4.932910044444444,1304.0,0.06314251741124512,5.587091831080008,8.5
76,-4.893999067226891,1329.0,0.06376240857142856,5.585749517580912,8.5
77,-4.783303699314398,1408.0,0.06438229714285713,5.5786067555753265,8.5
78,-4.6309044921301155,1521.0,0.0650021857142857,5.565242137291573,8.5
79,-4.595305894756839,1529.0,0.06562207428571429,5.543046086752191,8.5
80,-4.486415490250696,1618.0,0.06603533208765076,5.534479978050774,8.5
81,-4.425431128069197,1669.0,0.06624196285714286,5.5294397180022345,8.5
82,-4.2365808713975825,1836.0,0.06686185142857143,5.509955529989002,8.5
83,-4.053776697914356,2012.0,0.06748174,5.489809999163362,8.5
84,-3.846507367655966,2224.0,0.06810162857142857,5.460768174049896,8.5
85,-3.735282494249763,2344.0,0.06872151714285714,5.444890568420248,8.5
86,-3.704982060757908,2377.0,0.0689281467640564,5.440352970295879,8.5
87,-3.652710809660047,2436.0,0.06934140571428571,5.432839201908189,8.5
88,-3.586416270688402,2511.0,0.06996129428571429,5.4233461026596075,8.5
89,-3.5292869073842303,2576.0,0.07058118285714286,5.4144333249246905,8.5
90,-3.4793144609349462,2632.0,0.07120107142857143,5.405813153278966,8.5
91,-3.4353545507351417,2682.0,0.07182096144046204,5.397844330377521,8.5
92,-3.2794331281193725,2855.0,0.07471377611686768,5.368127423329179,8.5
93,-3.1661925766071937,2982.0,0.07760659079327331,5.346805135180073,8.5
94,-3.0784787825976014,3075.0,0.08049940546967896,5.328424748774188,8.5
95,-2.7948941626142654,3338.0,0.09548156956004757,5.261426029715934,8.5
96,-2.619599061275706,3473.0,0.11046373365041617,5.218422603079902,8.5
97,-2.588060662266362,3494.0,0.11379310344827587,5.210280044391558,8.5
98,-2.4794448665920674,3576.0,0.1254458977407848,5.184133711181206,8.5
99,-2.3418556384269222,3699.0,0.1404280618311534,5.154342591141823,8.5
100,-2.247491630694833,3739.0,0.15541022592152198,5.122881600013907,8.5
101,-2.2098335263157893,3754.0,0.16206896551724137,5.110155461455512,8.5
102,-2.165751211825238,3770.0,0.1703923900118906,5.095250249041312,8.5
103,-2.093770532429816,3795.0,0.18537455410225923,5.071322474670829,8.5
104,-2.029429515219005,3816.0,0.20035671819262785,5.050526573832103,8.5
105,-1.9900011853225954,3829.0,0.21034482758620693,5.0381546071169625,8.5
106,-1.971222824614684,3836.0,0.2153388822829964,5.032402458252352,8.5
107,-1.9179271723109692,3854.0,0.23032104637336503,5.016487579806867,8.5
108,-1.8686623042345276,3871.0,0.24530321046373366,5.002470121367623,8.5
109,-1.8278158475315,3887.0,0.25862068965517243,4.99145431588804,8.5
110,-1.8229555158404225,3888.0,0.2602853745541023,4.990236999555992,8.5
111,-1.7786021991890522,3905.0,0.27526753864447084,4.977626962388843,8.5
112,-1.7252485597345133,3931.0,0.29024970273483947,4.958953082382586,8.5
113,-1.6682782160375347,3964.0,0.3052318668252081,4.938350116370594,8.5
114,-1.661717338760469,3969.0,0.30689655172413793,4.936008378025639,8.5
115,-1.6068535907302144,4007.0,0.3202140309155767,4.91621134477681,8.5
116,-1.5410874203757894,4060.0,0.33519619500594533,4.893250655012739,8.5
117,-1.4714611176079733,4125.0,0.3501783590963139,4.8701154316250195,8.5
118,-1.4475631225897752,4149.0,0.3551724137931035,4.862465453614037,8.5
119,-1.3988544676743764,4201.0,0.3651605231866825,4.847408491838292,8.5
120,-1.323587188589694,4290.0,0.38014268727705114,4.826122802647115,8.5
121,-1.2459713700053563,4396.0,0.3951248513674197,4.8077148533409755,8.5
122,-1.2020557997818975,4463.0,0.403448275862069,4.799016741532018,8.5
123,-1.1666535487110814,4519.0,0.4101070154577883,4.792559979092118,8.5
124,-1.0873280767699391,4652.0,0.42508917954815695,4.7789749179061,8.5
125,-1.0084752744994032,4790.0,0.44007134363852557,4.766133756250246,8.5
126,-0.9476525476190476,4901.0,0.4517241379310345,4.756276734583751,8.5
127,-0.9303489244147157,4933.0,0.4550535077288942,4.753430347910323,8.5
128,-0.8528260458646617,5077.0,0.47003567181926276,4.740097820284282,8.5
129,-0.7759610372735117,5221.0,0.4850178359096314,4.725375635700659,8.5
130,-0.6994839420404922,5362.0,0.5,4.70852024934459,8.5
131,-0.5979657105263158,5541.0,0.52,4.68089135251688,8.5
132,-0.5906570501078878,5554.0,0.5214285714285715,4.678938243641779,8.5
133,-0.5466475518867924,5633.0,0.53,4.666517836526564,8.5
134,-0.4951711826443858,5723.0,0.54,4.650691791113203,8.5
135,-0.4804103446153846,5748.0,0.5428571428571428,4.645847223290302,8.5
136,-0.44326883986710963,5810.0,0.55,4.633117370617975,8.5
137,-0.3908752711111111,5895.0,0.56,4.613615585420445,8.5
138,-0.36822441872307093,5930.0,0.5642857142857143,4.604628033483296,8.5
139,-0.3377208100940975,5976.0,0.57,4.591964306756634,8.5
140,-0.2833795887487876,6055.0,0.58,4.567864456947545,8.5
141,-0.25160394678020226,6098.0,0.5857142857142857,4.55279809435454,8.5
142,-0.22735741340782123,6130.0,0.59,4.54086120877768,8.5
143,-0.16910638066666667,6203.0,0.6,4.510502444353444,8.5
144,-0.125756304023845,6254.0,0.6071428571428572,4.4864301626447025,8.5
145,-5.355053333333333,1026.0,0.057356888058433836,5.549782207624787,9.0
146,-5.195423460063897,1127.0,0.06024970273483948,5.5751112833997265,9.0
147,-5.057218499999999,1217.0,0.06314251741124512,5.591150519968897,9.0
148,-4.801002245022971,1408.0,0.06376240857142856,5.59169561829256,9.0
149,-4.827556290384615,1377.0,0.06438229714285713,5.585086739668975,9.0
150,-4.6845751496531225,1481.0,0.0650021857142857,5.572924180114978,9.0
151,-4.624874226881317,1506.0,0.06562207428571429,5.546346396109193,9.0
152,-4.509765112567004,1599.0,0.06603533208765076,5.537321899422225,9.0
153,-4.447433002437043,1651.0,0.06624196285714286,5.532009981779959,9.0
154,-4.246452268980477,1827.0,0.06686185142857143,5.511460023326467,9.0
155,-4.057370906813349,2008.0,0.06748174,5.490320073710841,9.0
156,-3.846885926105391,2223.0,0.06810162857142857,5.460868113480545,9.0
157,-3.734867943855693,2344.0,0.06872151714285714,5.444828632077303,9.0
158,-3.7045409917527925,2378.0,0.0689281467640564,5.440283025625245,9.0
159,-3.6522776870967744,2436.0,0.06934140571428571,5.43277188235324,9.0
160,-3.5859905620392483,2511.0,0.06996129428571429,5.423275497322675,9.0
161,-3.5288738911138924,2576.0,0.07058118285714286,5.414357093271487,9.0
162,-3.4789133494606084,2633.0,0.07120107142857143,5.405732734841568,9.0
163,-3.434967824704908,2682.0,0.07182096144046204,5.397763568314982,9.0
164,-3.2790883892462053,2856.0,0.07471377611686768,5.368054102001677,9.0
165,-3.165870672566372,2982.0,0.07760659079327331,5.346731029346283,9.0
166,-3.0781834266394488,3075.0,0.08049940546967896,5.32834756071601,9.0
167,-2.7946174385299423,3338.0,0.09548156956004757,5.261332130082827,9.0
168,-2.619182413428588,3474.0,0.11046373365041617,5.218192968081194,9.0
169,-2.5875643943001663,3495.0,0.11379310344827587,5.20998456601268,9.0
170,-2.4784318739276388,3577.0,0.1254458977407848,5.18351329591327,9.0
171,-2.3405114787712775,3699.0,0.1404280618311534,5.153160826320849,9.0
172,-2.246001369869476,3740.0,0.15541022592152198,5.121536819337377,9.0
173,-2.208280894736842,3754.0,0.16206896551724137,5.108731820385624,9.0
174,-2.1642843940001746,3770.0,0.1703923900118906,5.093889823472288,9.0
175,-2.0924104162633106,3795.0,0.18537455410225923,5.070044643112262,9.0
176,-2.0282531065631613,3816.0,0.20035671819262785,5.049419567764096,9.0
177,-1.9889669404313075,3830.0,0.21034482758620693,5.037186447675388,9.0
178,-1.9702274560018223,3836.0,0.2153388822829964,5.031473903093291,9.0
179,-1.9171135407880724,3854.0,0.23032104637336503,5.015744235823906,9.0
180,-1.8679994907375992,3871.0,0.24530321046373366,5.001885324973386,9.0
181,-1.827236316651261,3887.0,0.25862068965517243,4.990960225953146,9.0
182,-1.8223152987679672,3889.0,0.2602853745541023,4.989683318124488,9.0
183,-1.7779509067410035,3905.0,0.27526753864447084,4.977099212768975,9.0
184,-1.724042807522124,3932.0,0.29024970273483947,4.957945830661839,9.0
185,-1.6668083416614616,3965.0,0.3052318668252081,4.937158122287845,9.0
186,-1.6601900355778894,3969.0,0.30689655172413793,4.9347735371546175,9.0
187,-1.6050597796929706,4008.0,0.3202140309155767,4.914819333691307,9.0
188,-1.5389649243542436,4061.0,0.33519619500594533,4.891689009959849,9.0
189,-1.4689681774086378,4127.0,0.3501783590963139,4.868372906708076,9.0
190,-1.4449316541666666,4151.0,0.3551724137931035,4.860664317072312,9.0
191,-1.3959496027788352,4203.0,0.3651605231866825,4.845487075660509,9.0
192,-1.320162643839597,4293.0,0.38014268727705114,4.824037370644015,9.0
193,-1.242031497314376,4401.0,0.3951248513674197,4.805528667254706,9.0
194,-1.1977799001090512,4468.0,0.403448275862069,4.796749565959499,9.0
195,-1.1621440073652494,4525.0,0.4101070154577883,4.790230997951621,9.0
196,-1.0822080070921987,4659.0,0.42508917954815695,4.776419237926008,9.0
197,-1.0026575225118484,4798.0,0.44007134363852557,4.763280854041091,9.0
198,-0.9412050070643643,4910.0,0.4517241379310345,4.753110852846441,9.0
199,-0.9237221685618728,4942.0,0.4550535077288942,4.750192889716343,9.0
200,-0.8452643465073529,5088.0,0.47003567181926276,4.736343065333486,9.0
201,-0.7673213372728876,5233.0,0.4850178359096314,4.720948557496156,9.0
202,-0.6895971877800408,5376.0,0.5,4.703198871557686,9.0
203,-0.5860962189234854,5558.0,0.52,4.674401334925381,9.0
204,-0.5786068865038243,5571.0,0.5214285714285715,4.672306843553888,9.0
205,-0.5336380188526797,5651.0,0.53,4.659082491786767,9.0
206,-0.4808641751779635,5742.0,0.54,4.642118811452936,9.0
207,-0.46569474169040836,5767.0,0.5428571428571428,4.636908188020913,9.0
208,-0.4275158679311556,5830.0,0.55,4.623210763583468,9.0
209,-0.3733938293448411,5915.0,0.56,4.60204822708297,9.0
210,-0.34991296594684385,5950.0,0.5642857142857143,4.592255378098061,9.0
211,-0.3181745500454959,5997.0,0.57,4.578401126287726,9.0
212,-0.26127749654439125,6076.0,0.58,4.551861039260542,9.0
213,-0.22777877057793344,6120.0,0.5857142857142857,4.535159768585378,9.0
214,-0.2020809075321494,6152.0,0.59,4.521818792650115,9.0
215,-0.13989707461594733,6226.0,0.6,4.487629792097897,9.0
216,-0.09326498910310142,6277.0,0.6071428571428572,4.460221203005576,9.0
217,-5.351130068181819,1011.0,0.04578562935281128,5.414964542795606,9.5
218,-5.378519428571428,1013.0,0.057356888058433836,5.552354554563562,9.5
219,-5.221676652694611,1112.0,0.06024970273483948,5.5783612783108625,9.5
220,-5.077655,1205.0,0.06314251741124512,5.5950295199688975,9.5
221,-4.9388293783783785,1304.0,0.06376240857142856,5.5964338816508645,9.5
222,-4.875767122774133,1344.0,0.06438229714285713,5.590986183535676,9.5
223,-4.740743800000001,1440.0,0.0650021857142857,5.580070187448971,9.5
224,-4.564193960629922,1567.0,0.06562207428571429,5.551436913573342,9.5
225,-4.53276585221239,1580.0,0.06603533208765076,5.54011126609223,9.5
226,-4.4683564996059895,1633.0,0.06624196285714286,5.5344726451818715,9.5
227,-4.255912040034687,1819.0,0.06686185142857143,5.5128947602839276,9.5
228,-4.060595922991587,2005.0,0.06748174,5.49078046013961,9.5
229,-3.8470190535083293,2223.0,0.06810162857142857,5.460916461687359,9.5
230,-3.734443544327573,2345.0,0.06872151714285714,5.444764549332725,9.5
231,-3.70409844044514,2378.0,0.0689281467640564,5.440212765554515,9.5
232,-3.6518415829926414,2437.0,0.06934140571428571,5.432704499469544,9.5
233,-3.5855650397923875,2512.0,0.06996129428571429,5.423204777521888,9.5
234,-3.5284580739687055,2577.0,0.07058118285714286,5.414280283689744,9.5
235,-3.47851223798627,2633.0,0.07120107142857143,5.40565231640417,9.5
236,-3.4345822339342704,2682.0,0.07182096144046204,5.39768257533043,9.5
237,-3.2787436503730385,2856.0,0.07471377611686768,5.367980780674175,9.5
238,-3.165549138643068,2983.0,0.07760659079327331,5.346657283033598,9.5
239,-3.077888070681296,3076.0,0.08049940546967896,5.3282703726578315,9.5
240,-2.794340714445619,3339.0,0.09548156956004757,5.2612382304497185,9.5
241,-2.6187482495208223,3474.0,0.11046373365041617,5.2179472806792075,9.5
242,-2.5870681263339708,3495.0,0.11379310344827587,5.209689087633802,9.5
243,-2.47741888126321,3577.0,0.1254458977407848,5.182892880645336,9.5
244,-2.339167319115633,3700.0,0.1404280618311534,5.151979061499874,9.5
245,-2.2445113557163077,3740.0,0.15541022592152198,5.120192268307341,9.5
246,-2.20682279342723,3754.0,0.16206896551724137,5.107397646964308,9.5
247,-2.1628175761751116,3770.0,0.1703923900118906,5.092529397903263,9.5
248,-2.0910998882393135,3795.0,0.18537455410225923,5.068815692635905,9.5
249,-2.027138074805928,3817.0,0.20035671819262785,5.048373539378618,9.5
250,-1.9879508795053535,3830.0,0.21034482758620693,5.036236364731638,9.5
251,-1.9692320873889606,3836.0,0.2153388822829964,5.030545347934229,9.5
252,-1.9162999092651758,3854.0,0.23032104637336503,5.015000891840946,9.5
253,-1.8673426406324218,3872.0,0.24530321046373366,5.001306509746406,9.5
254,-1.8266965701835467,3887.0,0.25862068965517243,4.990505980607841,9.5
255,-1.8217742291475711,3889.0,0.2602853745541023,4.98922857914098,9.5
256,-1.777299614292955,3906.0,0.27526753864447084,4.9765714631491065,9.5
257,-1.7228370553097345,3932.0,0.29024970273483947,4.9569385789410925,9.5
258,-1.6653467551530294,3966.0,0.3052318668252081,4.935977610107957,9.5
259,-1.6586732323423479,3970.0,0.30689655172413793,4.933548666633303,9.5
260,-1.6032802213843254,4009.0,0.3202140309155767,4.913440394827854,9.5
261,-1.5368523782287824,4063.0,0.33519619500594533,4.890139194461694,9.5
262,-1.4664742415349887,4128.0,0.3501783590963139,4.8666306746811285,9.5
263,-1.4423024875,4153.0,0.3551724137931035,4.858868020776017,9.5
264,-1.3930370599543205,4206.0,0.3651605231866825,4.843564730780418,9.5
265,-1.3167423536483087,4297.0,0.38014268727705114,4.821954275604698,9.5
266,-1.2380567737756714,4405.0,0.3951248513674197,4.803345412910314,9.5
267,-1.1934827036835816,4473.0,0.403448275862069,4.794483257530867,9.5
268,-1.157593165775401,4531.0,0.4101070154577883,4.787878815177425,9.5
269,-1.0770220631031924,4666.0,0.42508917954815695,4.773831086452021,9.5
270,-0.9967682386782517,4807.0,0.44007134363852557,4.760366162097963,9.5
271,-0.9346554886589733,4919.0,0.4517241379310345,4.749905772387173,9.5
272,-0.9169625243323845,4952.0,0.4550535077288942,4.74688469099148,9.5
273,-0.8375483538602941,5100.0,0.47003567181926276,4.73250421729427,9.5
274,-0.7584935016757806,5246.0,0.4850178359096314,4.716383378452233,9.5
275,-0.6794661053291536,5391.0,0.5,4.697694835400908,9.5
276,-0.5738353664881408,5575.0,0.52,4.667605533549511,9.5
277,-0.5662063279187818,5589.0,0.5214285714285715,4.665413099461087,9.5
278,-0.5201579937339789,5669.0,0.53,4.65126585862423,9.5
279,-0.4660204152866242,5761.0,0.54,4.633079555278968,9.5
280,-0.45041051072386057,5786.0,0.5428571428571428,4.6274562924847755,9.5
281,-0.41105259304851555,5850.0,0.55,4.612643213249224,9.5
282,-0.3550028126825198,5935.0,0.56,4.589643710212546,9.5
283,-0.3305735300353357,5971.0,0.5642857142857143,4.578947548639718,9.5
284,-0.29740085714285713,6018.0,0.57,4.563742482975624,9.5
285,-0.23750102154921374,6098.0,0.58,4.534345384407131,9.5
286,-0.20194332607303012,6142.0,0.5857142857142857,4.515650484367357,9.5
287,-0.17452860854583047,6175.0,0.59,4.500639437704754,9.5
288,-0.10777063066776586,6249.0,0.6,4.46184314314432,9.5
289,-0.05741014084507042,6299.0,0.6071428571428572,4.430462404663132,9.5
290,-5.268707041736227,1084.0,0.06024970273483948,5.581309771188213,10.0
291,-5.138451,1166.0,0.06314251741124512,5.598635519968897,10.0
292,-5.11132,1183.0,0.06376240857142856,5.600300341110324,10.0
293,-4.92002025729443,1314.0,0.06438229714285713,5.596356882352442,10.0
294,-4.776284255523535,1417.0,0.0650021857142857,5.5868344750570404,10.0
295,-4.682545206703911,1469.0,0.06562207428571429,5.558498050706785,10.0
296,-4.555785762632198,1562.0,0.06603533208765076,5.542858360153356,10.0
297,-4.488136459270365,1617.0,0.06624196285714286,5.536873046009826,10.0
298,-4.2650666835545925,1811.0,0.06686185142857143,5.514271801708072,10.0
299,-4.063209847658657,2002.0,0.06748174,5.491157570212149,10.0
300,-3.8469341847551743,2223.0,0.06810162857142857,5.460918985665147,10.0
301,-3.7339857118707735,2345.0,0.06872151714285714,5.444693174426639,10.0
302,-3.703642867501304,2379.0,0.0689281467640564,5.440139734777259,10.0
303,-3.651401797920804,2437.0,0.06934140571428571,5.4326367503748125,10.0
304,-3.585139866782007,2512.0,0.06996129428571429,5.423133843265832,10.0
305,-3.5280422370791844,2577.0,0.07058118285714286,5.414203470033984,10.0
306,-3.478112270386266,2634.0,0.07120107142857143,5.405572636907799,10.0
307,-3.434197087725351,2683.0,0.07182096144046204,5.397601491918026,10.0
308,-3.278398656089194,2857.0,0.07471377611686768,5.367907396108711,10.0
309,-3.1652276047197643,2983.0,0.07760659079327331,5.346583536720914,10.0
310,-3.077592592600468,3076.0,0.08049940546967896,5.328192602550561,10.0
311,-2.7940611990049753,3339.0,0.09548156956004757,5.261142609619723,10.0
312,-2.618314085613057,3474.0,0.11046373365041617,5.217701593277222,10.0
313,-2.586560061696658,3495.0,0.11379310344827587,5.209383877765355,10.0
314,-2.47638131931206,3578.0,0.1254458977407848,5.1822579908488375,10.0
315,-2.337874599159916,3700.0,0.1404280618311534,5.1508532074865725,10.0
316,-2.243090970715522,3740.0,0.15541022592152198,5.1189126980240225,10.0
317,-2.2054432942097026,3755.0,0.16206896551724137,5.106137866056639,10.0
318,-2.161533705709423,3771.0,0.1703923900118906,5.091344691158329,10.0
319,-2.0899462172955734,3795.0,0.18537455410225923,5.067741362668552,10.0
320,-2.026062621349709,3817.0,0.20035671819262785,5.047366829323802,10.0
321,-1.986992666331532,3830.0,0.21034482758620693,5.035344387124508,10.0
322,-1.9683815119883596,3836.0,0.2153388822829964,5.029761538262627,10.0
323,-1.9155433696166588,3854.0,0.23032104637336503,5.014314755300527,10.0
324,-1.866690449013065,3872.0,0.24530321046373366,5.0007323533984,10.0
325,-1.8261568237158325,3887.0,0.25862068965517243,4.990051735262535,10.0
326,-1.8213159340054996,3889.0,0.2602853745541023,4.988856443485618,10.0
327,-1.7765975707950588,3906.0,0.27526753864447084,4.975996332275727,10.0
328,-1.7216363221416089,3933.0,0.29024970273483947,4.9559352271592365,10.0
329,-1.6638851686445972,3966.0,0.3052318668252081,4.93479709792807,10.0
330,-1.6571650826567363,3971.0,0.30689655172413793,4.932332013193342,10.0
331,-1.60150066307568,4010.0,0.3202140309155767,4.912061455964402,10.0
332,-1.5347393872860244,4064.0,0.33519619500594533,4.888589340503883,10.0
333,-1.4639516681715574,4130.0,0.3501783590963139,4.864896866728359,10.0
334,-1.4396475945428435,4155.0,0.3551724137931035,4.8570624701936005,10.0
335,-1.3900975019677293,4208.0,0.3651605231866825,4.841642303516964,10.0
336,-1.3133260830304725,4300.0,0.38014268727705114,4.819873388455317,10.0
337,-1.2340549032258064,4410.0,0.3951248513674197,4.801145521171029,10.0
338,-1.1891672630663914,4479.0,0.403448275862069,4.792217691954424,10.0
339,-1.1530124171122995,4537.0,0.4101070154577883,4.785509831220206,10.0
340,-1.0718054129449837,4673.0,0.42508917954815695,4.77122904592711,10.0
341,-0.9907901571884984,4815.0,0.44007134363852557,4.757424430338352,10.0
342,-0.9280255461776998,4929.0,0.4517241379310345,4.746671577075581,10.0
343,-0.9101087005377085,4962.0,0.4550535077288942,4.743531092764602,10.0
344,-0.8296596424213984,5111.0,0.47003567181926276,4.728580109230015,10.0
345,-0.7494374170736118,5260.0,0.4850178359096314,4.7116926828161665,10.0
346,-0.6690868597809748,5405.0,0.5,4.6920023823370265,10.0
347,-0.5612161585014409,5593.0,0.52,4.660538081757949,10.0
348,-0.5534320134192163,5607.0,0.5214285714285715,4.658217382502195,10.0
349,-0.5062403695014663,5688.0,0.53,4.643063362006561,10.0
350,-0.4505696695975651,5780.0,0.54,4.623489454762219,10.0
351,-0.43451136460554374,5806.0,0.5428571428571428,4.6174632592432845,10.0
352,-0.39379612822487486,5870.0,0.55,4.601367978714975,10.0
353,-0.33557005861456485,5956.0,0.56,4.576302545961199,10.0
354,-0.3099814949004371,5992.0,0.5642857142857143,4.564526420652102,10.0
355,-0.2751246887241927,6040.0,0.57,4.547735464447302,10.0
356,-0.211710270096463,6120.0,0.58,4.514963575849993,10.0
357,-0.17377257894736842,6165.0,0.5857142857142857,4.493927444008612,10.0
358,-0.1443516993957704,6198.0,0.59,4.476903448612951,10.0
359,-0.07240594346617238,6271.0,0.6,4.432608616333672,10.0
360,-0.018274360128617363,6319.0,0.6071428571428572,4.396806105763625,10.0
361,-5.3512754626865675,1035.0,0.06024970273483948,5.583985968631713,10.5
362,-5.233742,1106.0,0.06314251741124512,5.602117519968897,10.5
363,-5.09405,1197.0,0.06376240857142856,5.6038183411103235,10.5
364,-4.980810892857143,1273.0,0.06438229714285713,5.601205041866778,10.5
365,-4.834631738317757,1375.0,0.0650021857142857,5.592986297729345,10.5
366,-4.599284094117647,1547.0,0.06562207428571429,5.567117157903629,10.5
367,-4.578804588235294,1544.0,0.06603533208765076,5.545571464114094,10.5
368,-4.507602339901478,1601.0,0.06624196285714286,5.539233460516859,10.5
369,-4.273938263072338,1803.0,0.06686185142857143,5.515588518045109,10.5
370,-4.0653567207332095,2000.0,0.06748174,5.491471032935501,10.5
371,-3.8468493160020194,2224.0,0.06810162857142857,5.460921509642936,10.5
372,-3.733526379310345,2346.0,0.06872151714285714,5.44462144438182,10.5
373,-3.703178161103048,2379.0,0.0689281467640564,5.440064380243347,10.5
374,-3.6509612631578947,2438.0,0.06934140571428571,5.4325679530995306,10.5
375,-3.5847145974025976,2513.0,0.06996129428571429,5.4230629171884495,10.5
376,-3.5276267140600317,2578.0,0.07058118285714286,5.414126129950073,10.5
377,-3.477713803337306,2634.0,0.07120107142857143,5.405493920225871,10.5
378,-3.4338123309352517,2683.0,0.07182096144046204,5.397520036115187,10.5
379,-3.278053458833619,2857.0,0.07471377611686768,5.367833961288814,10.5
380,-3.16490607079646,2984.0,0.07760659079327331,5.346509787458377,10.5
381,-3.077297036572401,3077.0,0.08049940546967896,5.328114460938824,10.5
382,-2.793775388474295,3339.0,0.09548156956004757,5.261043107132161,10.5
383,-2.617879433898305,3475.0,0.11046373365041617,5.2174554336344565,10.5
384,-2.586012503856041,3496.0,0.11379310344827587,5.20904608856227,10.5
385,-2.4753082256527144,3579.0,0.1254458977407848,5.181602168221403,10.5
386,-2.336598571557156,3700.0,0.1404280618311534,5.149745496715496,10.5
387,-2.2417540549624926,3741.0,0.15541022592152198,5.117711024625292,10.5
388,-2.2040637949921753,3755.0,0.16206896551724137,5.104878085148972,10.5
389,-2.1602533405539224,3771.0,0.1703923900118906,5.090163351223315,10.5
390,-2.0887925463518333,3796.0,0.18537455410225923,5.0666670327012,10.5
391,-2.025158786502907,3817.0,0.20035671819262785,5.0465306106003425,10.5
392,-1.9861886572828955,3830.0,0.21034482758620693,5.034607300282734,10.5
393,-1.967601161510723,3836.0,0.2153388822829964,5.029047930367391,10.5
394,-1.9149302011358258,3854.0,0.23032104637336503,5.013772280146717,10.5
395,-1.8662114037101973,3872.0,0.24530321046373366,5.000331357979588,10.5
396,-1.8257372751788663,3887.0,0.25862068965517243,4.989717535613709,10.5
397,-1.820857638863428,3889.0,0.2602853745541023,4.988484307830256,10.5
398,-1.7758748382430578,3906.0,0.27526753864447084,4.975401886071525,10.5
399,-1.720455100937351,3933.0,0.29024970273483947,4.954947036723395,10.5
400,-1.6624224,3967.0,0.3052318668252081,4.933624300176665,10.5
401,-1.655656932971125,3971.0,0.30689655172413793,4.931115359753382,10.5
402,-1.599715595959596,4011.0,0.3202140309155767,4.910695399058146,10.5
403,-1.532575118219079,4065.0,0.33519619500594533,4.887035052952649,10.5
404,-1.4614290948081263,4132.0,0.3501783590963139,4.863163058775589,10.5
405,-1.4369764600287218,4157.0,0.3551724137931035,4.85525107718259,10.5
406,-1.3871434484454939,4211.0,0.3651605231866825,4.839719832049038,10.5
407,-1.3098861371807,4303.0,0.38014268727705114,4.817793719054109,10.5
408,-1.2300417387197267,4414.0,0.3951248513674197,4.79893870778544,10.5
409,-1.184796152838428,4484.0,0.403448275862069,4.789930986783527,10.5
410,-1.1483781561181434,4542.0,0.4101070154577883,4.783127963003413,10.5
411,-1.0665264485436892,4680.0,0.42508917954815695,4.7686025087102815,10.5
412,-0.9847509109414758,4824.0,0.44007134363852557,4.754464289119417,10.5
413,-0.9212411319940677,4939.0,0.4517241379310345,4.743388578558661,10.5
414,-0.9031481324968978,4972.0,0.4550535077288942,4.740126984119904,10.5
415,-0.8216333472,5123.0,0.47003567181926276,4.7245619370481915,10.5
416,-0.7401939183673469,5273.0,0.4850178359096314,4.706880598417863,10.5
417,-0.6584411788079471,5420.0,0.5,4.686130324795885,10.5
418,-0.5482152264150943,5611.0,0.52,4.653165197353027,10.5
419,-0.5402025346260387,5625.0,0.5214285714285715,4.650635714903246,10.5
420,-0.49179410591900313,5707.0,0.53,4.634418936156259,10.5
421,-0.4344699568345324,5800.0,0.54,4.613329106550562,10.5
422,-0.41786466666666666,5826.0,0.5428571428571428,4.606795748008251,10.5
423,-0.37566523265306123,5890.0,0.55,4.5893008882259485,10.5
424,-0.3148158487804878,5977.0,0.56,4.5617897616264065,10.5
425,-0.2879583989637306,6014.0,0.5642857142857143,4.548819667371295,10.5
426,-0.25113188304093564,6062.0,0.57,4.530154167186151,10.5
427,-0.18357912676056337,6143.0,0.58,4.49334424058438,10.5
428,-0.14286661111111112,6188.0,0.5857142857142857,4.469484555119723,10.5
429,-0.11122110169491525,6221.0,0.59,4.450119198267311,10.5
430,-0.03384202105263158,6291.0,0.6,4.399558161897303,10.5
431,0.023238153846153846,6334.0,0.6071428571428572,4.359398855800727,10.5
432,-5.374646711711712,1023.0,0.06024970273483948,5.586083761021118,11.0
433,-5.284077,1077.0,0.06314251741124512,5.605217519968897,11.0
434,-5.170698,1148.0,0.06376240857142856,5.607248341110323,11.0
435,-5.004909565217392,1259.0,0.06438229714285713,5.606004008481684,11.0
436,-4.880309,1343.0,0.0650021857142857,5.598690132903517,11.0
437,-4.64800779245283,1511.0,0.06562207428571429,5.5745920342632305,11.0
438,-4.602717683431952,1525.0,0.06603533208765076,5.548238739087989,11.0
439,-4.526833777506113,1586.0,0.06624196285714286,5.541575803007856,11.0
440,-4.282345656050955,1795.0,0.06686185142857143,5.516859082820504,11.0
441,-4.067503593807763,1998.0,0.06748174,5.491784495658853,11.0
442,-3.8466939274447953,2224.0,0.06810162857142857,5.460909497228469,11.0
443,-3.7330522413793106,2347.0,0.06872151714285714,5.444546209272102,11.0
444,-3.702709984299517,2380.0,0.0689281467640564,5.439988555386908,11.0
445,-3.650520715909091,2438.0,0.06934140571428571,5.432498587070823,11.0
446,-3.5842867474747475,2514.0,0.06996129428571429,5.422992210117743,11.0
447,-3.5272112322274882,2578.0,0.07058118285714286,5.414048720787356,11.0
448,-3.4773139225268177,2635.0,0.07120107142857143,5.405414063253285,11.0
449,-3.4334281676646703,2684.0,0.07182096144046204,5.397438039475374,11.0
450,-3.2777082615780446,2857.0,0.07471377611686768,5.367760526468917,11.0
451,-3.164584536873156,2984.0,0.07760659079327331,5.3464355495036076,11.0
452,-3.0770014805443333,3077.0,0.08049940546967896,5.3280363193270865,11.0
453,-2.7934895779436153,3340.0,0.09548156956004757,5.2609436046445985,11.0
454,-2.6174104266343825,3475.0,0.11046373365041617,5.217176014748257,11.0
455,-2.585464946015424,3496.0,0.11379310344827587,5.208708299359186,11.0
456,-2.4742351319933693,3580.0,0.1254458977407848,5.180946345593968,11.0
457,-2.3353225439543954,3701.0,0.1404280618311534,5.148637785944419,11.0
458,-2.2404171392094634,3741.0,0.15541022592152198,5.116509351226561,11.0
459,-2.202846865357644,3755.0,0.16206896551724137,5.103772738391788,11.0
460,-2.1590419266802443,3771.0,0.1703923900118906,5.089048713959592,11.0
461,-2.0877542995480955,3796.0,0.18537455410225923,5.065705818998776,11.0
462,-2.024254951656105,3817.0,0.20035671819262785,5.045694391876882,11.0
463,-1.9853846482342592,3830.0,0.21034482758620693,5.033870213440959,11.0
464,-1.9668208110330865,3836.0,0.2153388822829964,5.028334322472155,11.0
465,-1.914317032654993,3854.0,0.23032104637336503,5.013229804992907,11.0
466,-1.8657323584073298,3872.0,0.24530321046373366,4.999930362560778,11.0
467,-1.825352024766098,3888.0,0.25862068965517243,4.989417590649482,11.0
468,-1.8204355272542028,3889.0,0.2602853745541023,4.9881484068276105,11.0
469,-1.7751521056910569,3907.0,0.27526753864447084,4.974807439867323,11.0
470,-1.7192738797330933,3934.0,0.29024970273483947,4.953958846287553,11.0
471,-1.660959105202312,3968.0,0.3052318668252081,4.932454936014815,11.0
472,-1.654151824742268,3972.0,0.30689655172413793,4.929906831925378,11.0
473,-1.5979280538720537,4012.0,0.3202140309155767,4.909335129697876,11.0
474,-1.5304108491521338,4067.0,0.33519619500594533,4.885480765401415,11.0
475,-1.4588941597281222,4134.0,0.3501783590963139,4.861422237340321,11.0
476,-1.4343023147632312,4159.0,0.3551724137931035,4.853447405641383,11.0
477,-1.384184152737752,4213.0,0.3651605231866825,4.8377927851240825,11.0
478,-1.3064055316934722,4307.0,0.38014268727705114,4.815716141003021,11.0
479,-1.225969237804878,4419.0,0.3951248513674197,4.7967344443286475,11.0
480,-1.1804009563318778,4489.0,0.403448275862069,4.787635135255142,11.0
481,-1.1437220379746835,4548.0,0.4101070154577883,4.780740832201726,11.0
482,-1.0611641385006352,4687.0,0.42508917954815695,4.7659428440972125,11.0
483,-0.9785626157760814,4832.0,0.44007134363852557,4.751460472325523,11.0
484,-0.9143471454046639,4949.0,0.4517241379310345,4.740033210382301,11.0
485,-0.896028641350211,4983.0,0.4550535077288942,4.736635283603138,11.0
486,-0.8134553163934426,5135.0,0.47003567181926276,4.720461114700651,11.0
487,-0.7307445399239544,5287.0,0.4850178359096314,4.701955838723457,11.0
488,-0.6475353574660634,5435.0,0.5,4.680047559240962,11.0
489,-0.53474138,5630.0,0.52,4.645400450937933,11.0
490,-0.5265374285714286,5644.0,0.5214285714285715,4.642692737459637,11.0
491,-0.47681530769230773,5726.0,0.53,4.625301291775718,11.0
492,-0.41760595038167936,5820.0,0.54,4.6024905321642695,11.0
493,-0.400369625,5847.0,0.5428571428571428,4.595362558905687,11.0
494,-0.3564513130434782,5911.0,0.55,4.57627384723216,11.0
495,-0.2925995497382199,6000.0,0.56,4.5459658218486005,11.0
496,-0.2642191428571428,6036.0,0.5642857142857143,4.531554682915337,11.0
497,-0.22509099999999999,6085.0,0.57,4.510662482975625,11.0
498,-0.152818952,6166.0,0.58,4.469087524866071,11.0
499,-0.10901096428571429,6211.0,0.5857142857142857,4.441921586865755,11.0
500,-0.07490076470588235,6242.0,0.59,4.419754991886454,11.0
501,0.0069582307692307695,6306.0,0.6,4.362960108456008,11.0
502,0.07103224999999999,6343.0,0.6071428571428572,4.314095767339188,11.0
503,-5.357381848,1034.0,0.06024970273483948,5.5881762957958925,11.5
504,-5.268483,1088.0,0.06314251741124512,5.607817519968897,11.5
505,-5.192522,1135.0,0.06376240857142856,5.6104143411103236,11.5
506,-5.145119,1164.0,0.06438229714285713,5.609756095438207,11.5
507,-4.932188681415929,1308.0,0.0650021857142857,5.603881605148086,11.5
508,-4.616372260869565,1546.0,0.06562207428571429,5.581670393027244,11.5
509,-4.626300088495575,1507.0,0.06603533208765076,5.550861792935888,11.5
510,-4.54629275,1570.0,0.06624196285714286,5.54390282012277,11.5
511,-4.290641958887545,1788.0,0.06686185142857143,5.5181049057858695,11.5
512,-4.068830806679512,1997.0,0.06748174,5.4919832893928335,11.5
513,-3.8464131703470033,2224.0,0.06810162857142857,5.460871642338879,11.5
514,-3.7325692506527415,2347.0,0.06872151714285714,5.4444684495628275,11.5
515,-3.7022395736714975,2380.0,0.0689281467640564,5.439912468430386,11.5
516,-3.6500811244925573,2439.0,0.06934140571428571,5.432430260769925,11.5
517,-3.5838588975468975,2514.0,0.06996129428571429,5.422921503047035,11.5
518,-3.5267959130434785,2579.0,0.07058118285714286,5.413971429215132,11.5
519,-3.476913791252485,2635.0,0.07120107142857143,5.405334323219115,11.5
520,-3.4330449341317366,2684.0,0.07182096144046204,5.397357799954416,11.5
521,-3.27736306432247,2858.0,0.07471377611686768,5.36768709164902,11.5
522,-3.1642630029498524,2985.0,0.07760659079327331,5.346361311548839,11.5
523,-3.0767059245162662,3077.0,0.08049940546967896,5.32795817771535,11.5
524,-2.793203767412935,3340.0,0.09548156956004757,5.260844102157036,11.5
525,-2.61694141937046,3475.0,0.11046373365041617,5.2168965958620594,11.5
526,-2.5849173881748073,3497.0,0.11379310344827587,5.208370510156101,11.5
527,-2.4731620383340243,3581.0,0.1254458977407848,5.180290522966533,11.5
528,-2.3340819826233186,3701.0,0.1404280618311534,5.147567486517839,11.5
529,-2.239182375571522,3741.0,0.15541022592152198,5.115402454879364,11.5
530,-2.201631577840112,3755.0,0.16206896551724137,5.102668951575518,11.5
531,-2.157935680923286,3771.0,0.1703923900118906,5.0880358151137,11.5
532,-2.0867910974822466,3796.0,0.18537455410225923,5.064818149534605,11.5
533,-2.0233743431372546,3817.0,0.20035671819262785,5.044881252398853,11.5
534,-1.9845969267015706,3830.0,0.21034482758620693,5.03314932828929,11.5
535,-1.966133528729573,3837.0,0.2153388822829964,5.027713752878848,11.5
536,-1.91370386417416,3855.0,0.23032104637336503,5.012687329839098,11.5
537,-1.8652533131044624,3872.0,0.24530321046373366,4.9995293671419665,11.5
538,-1.8249667743533298,3888.0,0.25862068965517243,4.989117645685256,11.5
539,-1.8201102598064187,3890.0,0.2602853745541023,4.987909486807233,11.5
540,-1.7744293731390561,3907.0,0.27526753864447084,4.974212993663121,11.5
541,-1.7180926585288354,3934.0,0.29024970273483947,4.952970655851711,11.5
542,-1.6594958104046242,3968.0,0.3052318668252081,4.931285571852965,11.5
543,-1.6526548568829593,3973.0,0.30689655172413793,4.928720052058793,11.5
544,-1.5961405117845118,4013.0,0.3202140309155767,4.907974860337607,11.5
545,-1.5282612946708465,4068.0,0.33519619500594533,4.883937998912874,11.5
546,-1.456354652506372,4136.0,0.3501783590963139,4.85967882187728,11.5
547,-1.43162543454039,4161.0,0.3551724137931035,4.851650748259767,11.5
548,-1.3812216167146973,4216.0,0.3651605231866825,4.835862910004006,11.5
549,-1.3029088640394089,4310.0,0.38014268727705114,4.813630990929618,11.5
550,-1.2218732012195122,4424.0,0.3951248513674197,4.794531192296128,11.5
551,-1.1759647428884026,4495.0,0.403448275862069,4.785330195745525,11.5
552,-1.1390037384284177,4554.0,0.4101070154577883,4.7783209701137315,11.5
553,-1.0557458945454545,4694.0,0.42508917954815695,4.763261175824139,11.5
554,-0.9722973793103449,4841.0,0.44007134363852557,4.74842354418654,11.5
555,-0.9073647142857143,4959.0,0.4517241379310345,4.736623496488513,11.5
556,-0.8887984,4993.0,0.4550535077288942,4.733099293729721,11.5
557,-0.805111404040404,5147.0,0.47003567181926276,4.716279907127653,11.5
558,-0.721062203125,5301.0,0.4850178359096314,4.696850469634816,11.5
559,-0.6362927966507177,5451.0,0.5,4.673733574222884,11.5
560,-0.5208038764705882,5648.0,0.52,4.637238776820285,11.5
561,-0.5123812272727273,5663.0,0.5214285714285715,4.634335633563533,11.5
562,-0.4611499317406143,5746.0,0.53,4.615592493490953,11.5
563,-0.39985964566929133,5841.0,0.54,4.590860898937126,11.5
564,-0.38192020746887967,5867.0,0.5428571428571428,4.583090719175396,11.5
565,-0.33601384210526314,5933.0,0.55,4.562170603878717,11.5
566,-0.2686809710982659,6022.0,0.56,4.528596301708178,11.5
567,-0.23850250314465407,6059.0,0.5642857142857143,4.512450355871311,11.5
568,-0.1967918936170213,6108.0,0.57,4.488977234748674,11.5
569,-0.11909018918918919,6189.0,0.58,4.441674215460665,11.5
570,-0.07216332653061225,6231.0,0.5857142857142857,4.41084117870249,11.5
571,-0.036119733333333334,6260.0,0.59,4.386010972278611,11.5
572,0.053779480000000005,6316.0,0.6,4.318826957686777,11.5
573,0.13050923076923077,6341.0,0.6071428571428572,4.254035440416112,11.5
574,-5.326819,1053.0,0.06314251741124512,5.610363519968897,12.0
575,-5.274804,1085.0,0.06376240857142856,5.613228341110323,12.0
576,-5.164065,1153.0,0.06438229714285713,5.613120095438207,12.0
577,-4.966408257425742,1286.0,0.0650021857142857,5.608610973587585,12.0
578,-4.7325737826086955,1451.0,0.06562207428571429,5.588676537954781,12.0
579,-4.622078769452449,1514.0,0.06603533208765076,5.554167071335657,12.0
580,-4.565969630541872,1555.0,0.06624196285714286,5.546219775787795,12.0
581,-4.298863240628778,1781.0,0.06686185142857143,5.51930804967946,12.0
582,-4.07013266923571,1995.0,0.06748174,5.492178536663225,12.0
583,-3.8460560630472855,2224.0,0.06810162857142857,5.460817436722522,12.0
584,-3.7320827782608696,2348.0,0.06872151714285714,5.444390139924957,12.0
585,-3.7017646495468277,2381.0,0.0689281467640564,5.439835045009921,12.0
586,-3.6496393112313936,2439.0,0.06934140571428571,5.432361248591305,12.0
587,-3.5834314926470587,2515.0,0.06996129428571429,5.422850697937112,12.0
588,-3.5263808932806326,2579.0,0.07058118285714286,5.4138943541163185,12.0
589,-3.4765134569536422,2636.0,0.07120107142857143,5.405254248936336,12.0
590,-3.4326608911088914,2685.0,0.07182096144046204,5.397276989722731,12.0
591,-3.2770184553058024,2858.0,0.07471377611686768,5.367613864434686,12.0
592,-3.163941469026549,2985.0,0.07760659079327331,5.34628707359407,12.0
593,-3.0764108752598753,3078.0,0.08049940546967896,5.327880628672694,12.0
594,-2.792913860788863,3340.0,0.09548156956004757,5.26074162225954,12.0
595,-2.6164724121065377,3476.0,0.11046373365041617,5.216617176975861,12.0
596,-2.5843571916167667,3497.0,0.11379310344827587,5.208022359701227,12.0
597,-2.47206675535513,3582.0,0.1254458977407848,5.179624021240398,12.0
598,-2.3328899983183855,3701.0,0.1404280618311534,5.146548428221875,12.0
599,-2.2379952429784455,3741.0,0.15541022592152198,5.114339750764406,12.0
600,-2.2004373365200767,3756.0,0.16206896551724137,5.101585204357103,12.0
601,-2.156829435166327,3771.0,0.1703923900118906,5.087022916267807,12.0
602,-2.0858278954163976,3796.0,0.18537455410225923,5.063930480070435,12.0
603,-2.0226548442265795,3817.0,0.20035671819262785,5.04422820228992,12.0
604,-1.983973890052356,3830.0,0.21034482758620693,5.032592260226463,12.0
605,-1.9655349520295202,3837.0,0.2153388822829964,5.027181860417065,12.0
606,-1.913231206967213,3855.0,0.23032104637336503,5.012286063699742,12.0
607,-1.8648320945558738,3872.0,0.24530321046373366,4.9991861431459945,12.0
608,-1.8245944961832061,3888.0,0.25862068965517243,4.988830663788244,12.0
609,-1.819784992358635,3890.0,0.2602853745541023,4.987670566786856,12.0
610,-1.7736858490566036,3907.0,0.27526753864447084,4.97360665643594,12.0
611,-1.7169168343057175,3935.0,0.29024970273483947,4.951993142544347,12.0
612,-1.6580290965346534,3969.0,0.3052318668252081,4.930115589285576,12.0
613,-1.6511578890236507,3973.0,0.30689655172413793,4.927533272192207,12.0
614,-1.5943471921182266,4014.0,0.3202140309155767,4.9066196288294694,12.0
615,-1.5261253228840126,4070.0,0.33519619500594533,4.882405867251432,12.0
616,-1.4538163330515637,4138.0,0.3501783590963139,4.857939048971537,12.0
617,-1.4289389496336997,4163.0,0.3551724137931035,4.849848652644148,12.0
618,-1.3782155590622183,4218.0,0.3651605231866825,4.833925413683186,12.0
619,-1.2993650216748769,4314.0,0.38014268727705114,4.811523601767057,12.0
620,-1.217750453968254,4429.0,0.3951248513674197,4.792300294477054,12.0
621,-1.1715187277716794,4500.0,0.403448275862069,4.783023144278769,12.0
622,-1.1342712303552207,4560.0,0.4101070154577883,4.775893628886605,12.0
623,-1.0502228642424243,4702.0,0.42508917954815695,4.760542387945351,12.0
624,-0.9659666002554279,4851.0,0.44007134363852557,4.745358410086923,12.0
625,-0.9002554705882353,4970.0,0.4517241379310345,4.733145905452099,12.0
626,-0.8814518779411764,5004.0,0.4550535077288942,4.729510334906191,12.0
627,-0.7965912020202021,5160.0,0.47003567181926276,4.711973509821256,12.0
628,-0.7111470140280561,5315.0,0.4850178359096314,4.6915857736960636,12.0
629,-0.6247250886699507,5466.0,0.5,4.667154498634226,12.0
630,-0.5063337993730407,5667.0,0.52,4.62861164805392,12.0
631,-0.4976615705329154,5682.0,0.5214285714285715,4.625495655507107,12.0
632,-0.4447755036231884,5766.0,0.53,4.605272446179285,12.0
633,-0.38108351304347826,5862.0,0.54,4.578350430604363,12.0
634,-0.3623581504424779,5889.0,0.5428571428571428,4.569854263551704,12.0
635,-0.3141062,5955.0,0.55,4.546748716797377,12.0
636,-0.24275816455696203,6045.0,0.56,4.509344135321992,12.0
637,-0.21056883216783215,6083.0,0.5642857142857143,4.4911807668314205,12.0
638,-0.165840088,6131.0,0.57,4.464593202975625,12.0
639,-0.0825474081632653,6209.0,0.58,4.410903702498723,12.0
640,-0.03312890909090909,6248.0,0.5857142857142857,4.376475444008612,12.0
641,0.0056819999999999996,6273.0,0.59,4.347869353230992,12.0
642,0.111842,6315.0,0.6,4.260522449115348,12.0
643,0.20742856,6308.0,0.6071428571428572,4.168200837339188,12.0
644,-5.194365181818182,1139.0,0.06314251741124512,5.612837701787079,12.5
645,-5.31684,1060.0,0.06376240857142856,5.615810341110324,12.5
646,-4.911259,1336.0,0.06438229714285713,5.616272095438206,12.5
647,-4.934316,1314.0,0.0650021857142857,5.613703587448971,12.5
648,-4.787428829787234,1411.0,0.06562207428571429,5.595164432496872,12.5
649,-4.551375588447653,1584.0,0.06603533208765076,5.562365502551129,12.5
650,-4.58592168,1539.0,0.06624196285714286,5.54852118012277,12.5
651,-4.306961559537572,1774.0,0.06686185142857143,5.520470869426299,12.5
652,-4.071434531791907,1994.0,0.06748174,5.492373783933616,12.5
653,-3.845608602451839,2225.0,0.06810162857142857,5.460743881556147,12.5
654,-3.7315925608695655,2348.0,0.06872151714285714,5.444311879055392,12.5
655,-3.7012893222557905,2381.0,0.0689281467640564,5.439757502210323,12.5
656,-3.6491970180383313,2440.0,0.06934140571428571,5.432292404176491,12.5
657,-3.5830053284313723,2515.0,0.06996129428571429,5.42277961950574,12.5
658,-3.525965873517787,2580.0,0.07058118285714286,5.413817279017504,12.5
659,-3.4761136187845305,2636.0,0.07120107142857143,5.405173449038783,12.5
660,-3.432275276723277,2685.0,0.07182096144046204,5.397195071640813,12.5
661,-3.276673970203868,2859.0,0.07471377611686768,5.367540680953243,12.5
662,-3.1636199351032452,2985.0,0.07760659079327331,5.3462128356393,12.5
663,-3.076115916839917,3078.0,0.08049940546967896,5.3278031858452515,12.5
664,-2.7926189071925753,3341.0,0.09548156956004757,5.260635473767661,12.5
665,-2.616003404842615,3476.0,0.11046373365041617,5.216337758089662,12.5
666,-2.5837724610778445,3498.0,0.11379310344827587,5.207654096228173,12.5
667,-2.4709531702367533,3583.0,0.1254458977407848,5.178948711206576,12.5
668,-2.331698014013453,3702.0,0.1404280618311534,5.145529369925911,12.5
669,-2.2368081103853688,3742.0,0.15541022592152198,5.11327704664945,12.5
670,-2.199374557680051,3756.0,0.16206896551724137,5.100626632018034,12.5
671,-2.1557788979591836,3772.0,0.1703923900118906,5.086063577004607,12.5
672,-2.0849290462519936,3796.0,0.18537455410225923,5.063105657379868,12.5
673,-2.021935345315904,3818.0,0.20035671819262785,5.043575152180988,12.5
674,-1.9833508534031414,3831.0,0.21034482758620693,5.032035192163636,12.5
675,-1.9649363753294675,3837.0,0.2153388822829964,5.026649967955284,12.5
676,-1.9127734713114755,3855.0,0.23032104637336503,5.011899793207938,12.5
677,-1.8644710630372492,3873.0,0.24530321046373366,4.998903048590121,12.5
678,-1.824299330788804,3888.0,0.25862068965517243,4.988620740124122,12.5
679,-1.8194597249108508,3890.0,0.2602853745541023,4.987431646766479,12.5
680,-1.7729405660377358,3907.0,0.27526753864447084,4.972999313243691,12.5
681,-1.7157482228704783,3935.0,0.29024970273483947,4.951029898670368,12.5
682,-1.6565510643564356,3970.0,0.3052318668252081,4.928943559582605,12.5
683,-1.649660921164342,3974.0,0.30689655172413793,4.926346492325621,12.5
684,-1.5925516256157637,4015.0,0.3202140309155767,4.905266356486049,12.5
685,-1.5239893510971787,4071.0,0.33519619500594533,4.88087373558999,12.5
686,-1.4512799847844462,4140.0,0.3501783590963139,4.856205321160886,12.5
687,-1.426236110805861,4165.0,0.3551724137931035,4.848037297332793,12.5
688,-1.3751718259693417,4221.0,0.3651605231866825,4.831981319905008,12.5
689,-1.2958076758349706,4318.0,0.38014268727705114,4.809413863061781,12.5
690,-1.213618707936508,4434.0,0.3951248513674197,4.790060082836843,12.5
691,-1.1669852480790341,4506.0,0.403448275862069,4.780698226605883,12.5
692,-1.1294322445414848,4567.0,0.4101070154577883,4.773444834606236,12.5
693,-1.044655282208589,4710.0,0.42508917954815695,4.757795672734345,12.5
694,-0.959496135483871,4860.0,0.44007134363852557,4.7422260120842035,12.5
695,-0.8929897507163324,4980.0,0.4517241379310345,4.729625354859368,12.5
696,-0.8739511426470589,5015.0,0.4550535077288942,4.7258250407885445,12.5
697,-0.7878597155172414,5173.0,0.47003567181926276,4.7075761527447435,12.5
698,-0.7010110576131687,5329.0,0.4850178359096314,4.686145764805855,12.5
699,-0.6128081721518988,5482.0,0.5,4.660288745563203,12.5
700,-0.4912478709677419,5687.0,0.52,4.6194805193250295,12.5
701,-0.482311525083612,5701.0,0.5214285714285715,4.616113247731973,12.5
702,-0.42758268725868726,5787.0,0.53,4.594242323158749,12.5
703,-0.3611119162790698,5884.0,0.54,4.5647909499168,12.5
704,-0.34141024999999997,5911.0,0.5428571428571428,4.555403595670392,12.5
705,-0.2905363559322034,5978.0,0.55,4.529836294198507,12.5
706,-0.21460302097902098,6069.0,0.56,4.487899626337306,12.5
707,-0.18009798425196852,6106.0,0.5642857142857143,4.467330147482266,12.5
708,-0.13205308928571427,6153.0,0.57,4.437113697261339,12.5
709,-0.04400123943661972,6226.0,0.58,4.377022296922409,12.5
710,0.010497206896551724,6260.0,0.5857142857142857,4.336154685387922,12.5
711,0.05635935,6280.0,0.59,4.299085438945277,12.5
712,0.18629492,6286.0,0.6,4.178194397686777,12.5
713,0.3215358181818182,6175.0,0.6071428571428572,4.017155608248279,12.5
714,-5.273665181818182,1090.0,0.06314251741124512,5.615785701787079,13.0
715,-5.358693,1036.0,0.06376240857142856,5.618076341110323,13.0
716,-5.1299364999999995,1180.0,0.06438229714285713,5.619218095438206,13.0
717,-5.117831,1184.0,0.0650021857142857,5.616861587448971,13.0
718,-4.8428088640776705,1371.0,0.06562207428571429,5.601035426093236,13.0
719,-4.502997647887324,1635.0,0.06603533208765076,5.568906106201915,13.0
720,-4.606097768844221,1523.0,0.06624196285714286,5.550817352786087,13.0
721,-4.314986415028901,1767.0,0.06686185142857143,5.521609597749999,13.0
722,-4.0724065129310345,1993.0,0.06748174,5.492523658161243,13.0
723,-3.845149628620102,2225.0,0.06810162857142857,5.460668007441873,13.0
724,-3.7311010747922437,2349.0,0.06872151714285714,5.444232698421886,13.0
725,-3.700813672877847,2382.0,0.0689281467640564,5.439679869051504,13.0
726,-3.648754515219842,2440.0,0.06934140571428571,5.43222363303782,13.0
727,-3.5825791642156863,2516.0,0.06996129428571429,5.422708541074368,13.0
728,-3.525550653495441,2580.0,0.07058118285714286,5.4137400672487,13.0
729,-3.475713756906077,2637.0,0.07120107142857143,5.405094719757015,13.0
730,-3.4318911659192826,2686.0,0.07182096144046204,5.397113559359372,13.0
731,-3.2763294851019342,2859.0,0.07471377611686768,5.3674674974718,13.0
732,-3.1632994334365327,2986.0,0.07760659079327331,5.346139504299934,13.0
733,-3.0758209584199583,3079.0,0.08049940546967896,5.327725743017808,13.0
734,-2.7923239535962874,3341.0,0.09548156956004757,5.260529325275781,13.0
735,-2.615503246284501,3477.0,0.11046373365041617,5.2160313242674405,13.0
736,-2.5831877305389224,3498.0,0.11379310344827587,5.207285832755119,13.0
737,-2.4698395851183768,3584.0,0.1254458977407848,5.1782734011727545,13.0
738,-2.33050602970852,3702.0,0.1404280618311534,5.144510311629947,13.0
739,-2.2356673456790124,3742.0,0.15541022592152198,5.112257046246259,13.0
740,-2.1983117788400253,3756.0,0.16206896551724137,5.099668059678964,13.0
741,-2.154796448979592,3772.0,0.1703923900118906,5.085169699453586,13.0
742,-2.084092523125997,3796.0,0.18537455410225923,5.062341702036965,13.0
743,-2.0212158464052288,3818.0,0.20035671819262785,5.042922102072056,13.0
744,-1.9827278167539266,3831.0,0.21034482758620693,5.031478124100808,13.0
745,-1.9643377986294148,3837.0,0.2153388822829964,5.0261180754935015,13.0
746,-1.9123157356557376,3855.0,0.23032104637336503,5.011513522716135,13.0
747,-1.8641100315186248,3873.0,0.24530321046373366,4.998619954034247,13.0
748,-1.8240041653944021,3888.0,0.25862068965517243,4.988410816459999,13.0
749,-1.819147261515602,3890.0,0.2602853745541023,4.987205987426793,13.0
750,-1.7721952830188679,3908.0,0.27526753864447084,4.972391970051442,13.0
751,-1.7145796114352392,3936.0,0.29024970273483947,4.950066654796389,13.0
752,-1.6550730321782177,3970.0,0.3052318668252081,4.927771529879635,13.0
753,-1.6481580395136777,3975.0,0.30689655172413793,4.925169927842403,13.0
754,-1.5907560591133005,4016.0,0.3202140309155767,4.903913084142629,13.0
755,-1.5218079268292684,4073.0,0.33519619500594533,4.879318601685767,13.0
756,-1.4487420198019803,4142.0,0.3501783590963139,4.854470990034282,13.0
757,-1.4235162664418213,4168.0,0.3551724137931035,4.84621782881424,13.0
758,-1.3721118406676784,4224.0,0.3651605231866825,4.830027651286682,13.0
759,-1.2922035500982318,4321.0,0.38014268727705114,4.807295984869247,13.0
760,-1.2094078966630786,4439.0,0.3951248513674197,4.787816321546042,13.0
761,-1.1624375065789474,4512.0,0.403448275862069,4.7783610700977075,13.0
762,-1.1245802526690392,4573.0,0.4101070154577883,4.770987943310335,13.0
763,-1.0390203128834357,4717.0,0.42508917954815695,4.75500671567913,13.0
764,-0.9529448988764045,4869.0,0.44007134363852557,4.739050458173367,13.0
765,-0.8856106163982431,4991.0,0.4517241379310345,4.726040664445008,13.0
766,-0.8663016957831325,5026.0,0.4550535077288942,4.722066958187552,13.0
767,-0.7789476017699115,5186.0,0.47003567181926276,4.703039826379165,13.0
768,-0.6905955329087048,5344.0,0.4850178359096314,4.680529069306393,13.0
769,-0.6005445796344647,5498.0,0.5,4.653131130333669,13.0
770,-0.4755087275862069,5707.0,0.52,4.609772970937932,13.0
771,-0.46625767021276593,5721.0,0.5214285714285715,4.606149749617692,13.0
772,-0.40943279338842975,5808.0,0.53,4.5823916952510295,13.0
773,-0.3397740891089109,5906.0,0.54,4.550033783165706,13.0
774,-0.319046,5933.0,0.5428571428571428,4.539682503277414,13.0
775,-0.26505625,6001.0,0.55,4.511133816797377,13.0
776,-0.18392725396825396,6092.0,0.56,4.463850543198222,13.0
777,-0.14688257522123893,6128.0,0.5642857142857143,4.440493674065779,13.0
778,-0.09577970408163265,6174.0,0.57,4.406499380934808,13.0
779,-0.0005431851851851852,6238.0,0.58,4.3369252504957005,13.0
780,0.06395100000000001,6264.0,0.5857142857142857,4.2837789440086125,13.0
781,0.1192884,6271.0,0.59,4.233709838945278,13.0
782,0.294927,6171.0,0.6,4.037241877686777,13.0
783,-5.37855,1027.0,0.06314251741124512,5.6179555199688975,13.5
784,-5.236598,1114.0,0.06376240857142856,5.620904341110323,13.5
785,-5.222779,1121.0,0.06438229714285713,5.622532095438206,13.5
786,-5.151912,1163.0,0.0650021857142857,5.620223587448971,13.5
787,-4.888775,1340.0,0.06562207428571429,5.606501581433042,13.5
788,-4.629273,1526.0,0.06603533208765076,5.576201993525858,13.5
789,-4.626801,1507.0,0.06624196285714286,5.553100820122769,13.5
790,-4.322759,1760.0,0.06686185142857143,5.5227300254956635,13.5
791,-4.073323,1992.0,0.06748174,5.492665899540553,13.5
792,-3.844636,2226.0,0.06810162857142857,5.460581124988721,13.5
793,-3.730608,2349.0,0.06872151714285714,5.444152366011913,13.5
794,-3.700338,2383.0,0.0689281467640564,5.43960222929995,13.5
795,-3.648313,2441.0,0.06934140571428571,5.432154268889004,13.5
796,-3.582153,2516.0,0.06996129428571429,5.422637462642995,13.5
797,-3.525135,2581.0,0.07058118285714286,5.413662559649914,13.5
798,-3.475305,2637.0,0.07120107142857143,5.4050101562211035,13.5
799,-3.43151,2686.0,0.07182096144046204,5.397032841870583,13.5
800,-3.275985,2860.0,0.07471377611686768,5.367394313990357,13.5
801,-3.162979,2986.0,0.07760659079327331,5.3460662328861055,13.5
802,-3.075526,3079.0,0.08049940546967896,5.327648300190366,13.5
803,-2.792029,3341.0,0.09548156956004757,5.2604231767839025,13.5
804,-2.614999,3477.0,0.11046373365041617,5.215721345498863,13.5
805,-2.582603,3498.0,0.11379310344827587,5.206917569282065,13.5
806,-2.468726,3584.0,0.1254458977407848,5.1775980911389325,13.5
807,-2.329327,3703.0,0.1404280618311534,5.143507529118736,13.5
808,-2.234555,3742.0,0.15541022592152198,5.111263219085766,13.5
809,-2.197249,3756.0,0.16206896551724137,5.098709487339895,13.5
810,-2.153814,3772.0,0.1703923900118906,5.084275821902565,13.5
811,-2.083256,3797.0,0.18537455410225923,5.061577746694063,13.5
812,-2.020508,3818.0,0.20035671819262785,5.042279536712579,13.5
813,-1.982109,3831.0,0.21034482758620693,5.030923464414944,13.5
814,-1.963762,3837.0,0.2153388822829964,5.025608081819279,13.5
815,-1.911858,3855.0,0.23032104637336503,5.011127252224332,13.5
816,-1.863749,3873.0,0.24530321046373366,4.998336859478373,13.5
817,-1.823709,3888.0,0.25862068965517243,4.988200892795877,13.5
818,-1.818859,3890.0,0.2602853745541023,4.987005393073153,13.5
819,-1.77145,3908.0,0.27526753864447084,4.971784626859193,13.5
820,-1.713411,3936.0,0.29024970273483947,4.94910341092241,13.5
821,-1.653595,3971.0,0.3052318668252081,4.926599500176665,13.5
822,-1.646655,3976.0,0.30689655172413793,4.92399363604909,13.5
823,-1.588847,4017.0,0.3202140309155767,4.902527984916731,13.5
824,-1.519625,4074.0,0.33519619500594533,4.8777627073768235,13.5
825,-1.446044,4144.0,0.3501783590963139,4.852676930628341,13.5
826,-1.420722,4170.0,0.3551724137931035,4.84436285410935,13.5
827,-1.369017,4226.0,0.3651605231866825,4.82805344794829,13.5
828,-1.28859,4325.0,0.38014268727705114,4.805176267776909,13.5
829,-1.205184,4444.0,0.3951248513674197,4.7855719727839325,13.5
830,-1.157838,4518.0,0.403448275862069,4.775979491150339,13.5
831,-1.119671,4579.0,0.4101070154577883,4.7684808258726115,13.5
832,-1.033336,4725.0,0.42508917954815695,4.75219367764232,13.5
833,-0.946289,4879.0,0.44007134363852557,4.735818716600333,13.5
834,-0.878113,5002.0,0.4517241379310345,4.722366925059942,13.5
835,-0.858579,5038.0,0.4550535077288942,4.71827609372972,13.5
836,-0.769896,5199.0,0.47003567181926276,4.6984124458481915,13.5
837,-0.67994,5359.0,0.4850178359096314,4.674703336822316,13.5
838,-0.5879,5515.0,0.5,4.645661631639152,13.5
839,-0.459039,5727.0,0.52,4.599466970937932,13.5
840,-0.449425,5742.0,0.5214285714285715,4.595518451745352,13.5
841,-0.390182,5829.0,0.53,4.569599496903923,13.5
842,-0.316901,5929.0,0.54,4.533887387126102,13.5
843,-0.29493,5957.0,0.5428571428571428,4.522359183905687,13.5
844,-0.23748,6025.0,0.55,4.490350316797377,13.5
845,-0.15057,6114.0,0.56,4.4368436543093335,13.5
846,-0.111277,6149.0,0.5642857142857143,4.410668682915337,13.5
847,-0.057592,6190.0,0.57,4.372828482975625,13.5
848,0.052615,6242.0,0.58,4.284887620866071,13.5
849,0.130896,6248.0,0.5857142857142857,4.212355444008612,13.5
850,0.202427,6223.0,0.59,4.137153638945278,13.5
